Team Name,Losses,Total points,Points in 4th quarter,Wins,Game ID,Percentage of field goals,Rebounds,Number of team assists,Points in 3rd quarter,Turnovers,Percentage of 3 points,Points in 1st quarter,Points in 2nd quarter
Hawks,12,95,,46,0,,,,,,,,
Magic,41,88,21,19,0,,,,,,,,
Knicks,31,82,,5,1,41,36,,,,,,
Bucks,17,95,,18,1,46,48,,,,,,
Suns,2,91,20,3,2,,35,13,19,,,,
Grizzlies,,102,26,,2,50,37,25,30,,,,
Raptors,15,114,25,29,3,53,,,,8,,,
Pistons,28,110,31,17,3,46,,,,14,,,
Bucks,35,91,,24,4,,,,,21,58,,
Pistons,29,102,22,30,4,,,,,,40,,
Bucks,8,118,,8,5,54,,,34,,,,
Cavaliers,3,101,,13,5,,,,20,,,,
Celtics,4,93,,0,6,,,,25,,,,
Cavaliers,,101,,,6,40,,,13,,,,
Thunder,13,114,,8,7,50,54,,,20,,,
Bucks,12,101,,11,7,41,31,,,,,,
Clippers,,,,,9,50,,,,,,,
Warriors,7,,,,9,,,38,,,,,
Lakers,53,87,,14,10,,,,,,19,,
Knicks,40,90,,28,10,,,,,,,,
Raptors,,,,,11,,,,,,56,,
Bucks,,,,,11,,,,,,17,,
Grizzlies,,105,,,12,,,,,17,,,
Timberwolves,1,101,,0,12,,,,,23,,,
Nets,42,117,42,37,13,,,,,,,31,
Wizards,34,80,18,45,13,,,,,,,14,
Lakers,58,88,,15,14,,,,,,,,
Wizards,37,101,,36,14,,,,,,,,26
Cavaliers,29,113,,53,15,,,,,,,,
Wizards,36,108,,46,15,,,,,,,,
Nuggets,17,107,,11,16,,,,16,,,,
Lakers,23,111,,5,16,,,,32,,,,
Trail Blazers,29,104,,22,17,,,,,,,,
Mavericks,30,108,,20,17,,,,,,,,
Heat,,107,,,18,,,22,,,,,
Raptors,1,102,,2,18,,,,,10,,,
Clippers,,133,,,19,,,,,,,,
Pacers,,,,,20,,,,,,32,,
Magic,,69,,,20,32,,,,,20,,
Grizzlies,7,110,,8,21,,,,,,,,
Mavericks,6,96,,9,21,,48,,,,,,
Rockets,,123,,,22,,,,,,,,
Timberwolves,28,101,,5,23,,,,,12,,,
Nuggets,20,110,,15,23,,,,,,,,
Pelicans,30,85,,37,24,,,,,,,,
Bucks,33,84,,34,24,,,,,10,,,
Clippers,5,120,,14,25,55,,,,7,53,,
Pelicans,10,100,,8,25,,,,,,,,
Pacers,18,104,,22,26,,,,,,,,
Wizards,19,118,,19,26,52,54,,,,44,,
Grizzlies,24,94,,37,27,,,,18,,,19,30
Jazz,33,88,,28,27,,,,33,17,,,11
Wizards,21,98,,19,28,,,,19,,,17,40
Trail Blazers,25,108,,19,28,51,,,35,,,32,
Thunder,25,116,,32,29,,,,,,,,
Knicks,34,105,,23,29,,,,,,,,
Jazz,33,102,,18,30,,,,,,,,
Kings,32,90,,17,30,,,,,,,,
Hornets,22,124,22,19,31,,,,,,,,
Jazz,23,119,31,18,31,,,,,,,,
Warriors,1,89,,28,32,41,49,,,,28,,
Cavaliers,8,83,,19,32,32,55,,,,17,,
Grizzlies,12,101,,31,33,,,,,,,,
76ers,36,83,,8,33,,,,,,,,
Mavericks,,87,,,34,43,,,,,,,
Spurs,,,,,34,47,,,,,58,,
Heat,1,91,14,3,35,,,,,,,,
Rockets,,108,25,,35,,,,,,,30,
Kings,9,116,,6,36,,46,,36,,,,
Thunder,8,101,,8,36,,38,,,,28,,
Suns,32,106,,34,37,50,,,,,25,25,
Timberwolves,49,97,,14,37,44,,,,,8,18,
76ers,2,71,18,0,38,30,,,,18,,19,
Jazz,1,99,,1,38,41,,,,7,,28,
Raptors,2,91,,4,40,,,,,,,,
Kings,,96,,,40,,,,,,,,
Nets,56,126,,15,41,,,,,,,22,30
Suns,50,98,,22,41,37,,,,19,,32,18
Suns,,,,,42,,,,,,41,,
Clippers,4,89,,5,43,44,,,,,,,
Bulls,3,105,,8,43,,,,,,,,
Nets,46,103,,9,44,46,,,,12,,,
Grizzlies,23,112,,34,44,51,,,,12,,,
Rockets,18,109,,40,45,41,,,,,,,
Heat,32,117,,25,45,52,,,,,,,
Pistons,,,,,46,39,,,,,13,,
Pelicans,22,85,,24,47,39,48,,,,20,,
Nuggets,27,93,,19,47,46,39,,,,59,,
Lakers,,,,,48,,51,,,,,,
Warriors,,,,,48,,40,,,,,,
Rockets,17,133,,40,49,,,,,21,,,
Suns,38,102,,17,49,39,,,,,,,
Trail Blazers,26,121,20,20,50,,42,,,,,,
Lakers,37,103,,9,50,,30,,,,,,
Hawks,5,99,,6,51,,,,,,,,
Pistons,10,89,,3,51,,,,,,19,,
Knicks,7,107,,7,52,47,,,,,,,
Trail Blazers,8,103,22,8,52,,,,,,,,
Bulls,,,,,53,,,15,,12,,,
Knicks,,,,,53,,,,,5,,,
Bucks,,97,,,54,,,,22,,,,
Knicks,,122,,,54,,,,,,,,
Magic,19,103,,20,55,,,,,,,18,
Raptors,15,106,,25,55,,,,,,,,
Bulls,,,,,56,,,25,,,,,
Celtics,,,,,56,,,,24,,,,
Rockets,14,99,18,32,57,,,,,,,,
Mavericks,17,94,,30,57,,,,,,,,
Nuggets,,,,,58,,,,,10,,,
Heat,29,106,,39,59,53,,,,15,,,
Hornets,29,109,,39,59,,,,,,50,,
Celtics,41,106,,32,60,,,,,,26,,
Clippers,25,119,,49,60,49,,,,,,,
Pelicans,41,128,,28,61,53,,29,,,,36,
Rockets,22,112,,47,61,,,18,,,,23,
Magic,38,97,,16,62,,45,,,,,,
Bulls,20,98,,32,62,,35,,,,,32,
Hornets,,,,,63,,,,,,28,,
Bulls,,,,,63,,,,,,,26,
Hawks,32,103,,46,64,41,,,,,,,16
Suns,,90,,,64,,,19,,24,,38,
Timberwolves,,,37,,65,,,,,,,,
Rockets,,94,18,,66,,,18,20,18,19,,
Warriors,1,121,,3,66,,,38,41,16,,,
Cavaliers,1,101,,6,67,,,,,,,,
Pacers,4,97,,3,67,,,,,7,,22,
Kings,4,94,,6,69,,,,,,,,
Spurs,4,91,,5,69,,,,,14,,,
Spurs,,,,,70,48,,,,,,,
Pelicans,21,111,,12,71,53,41,,,,,,
Mavericks,22,104,,9,71,49,32,,,,,,
Clippers,13,90,,25,72,,27,,,,,,
Heat,21,104,,16,72,,46,,,,,,
Clippers,14,98,,26,73,,,27,,11,,,
Heat,28,86,,11,73,37,,14,,15,,,
Wizards,5,119,,13,74,53,,,,,,,
Nuggets,10,89,20,9,74,38,,,,,,,
Kings,45,120,,30,75,56,,,,,,,
Wizards,39,111,,36,75,48,,,,,,,
Spurs,11,,,,76,,,,,,,,
Bucks,7,121,,5,77,52,,27,,,,37,29
Warriors,2,124,,11,77,,,30,,,,28,41
Clippers,27,114,,46,78,,,,,,,,
Celtics,31,90,,43,78,35,,,,,,,
Thunder,10,122,,21,79,58,,,,,,,
Nuggets,19,112,,12,79,49,,,,,,,
Timberwolves,52,106,,14,80,47,,,,,60,,
Nets,38,122,,27,80,58,,,,,39,,
Hornets,,,21,,81,38,,,,5,38,,
Grizzlies,16,88,,24,83,,,,,,,19,
Jazz,16,79,,23,83,39,,,,,39,,
Heat,16,101,,14,84,,,,,,,,
Cavaliers,11,91,,17,84,,,,,,,,
Kings,39,100,,25,85,40,37,,,,,,
Magic,36,107,,28,85,52,51,,,,,,
Cavaliers,17,120,,44,86,51,,27,,,,22,
Celtics,26,103,,38,86,46,,,,,,35,
Pistons,9,86,,3,87,,,,,,,19,
Suns,5,88,,7,87,,,,,,,,
Trail Blazers,25,109,,48,88,,,,37,,,,
Suns,37,86,,38,88,,,,16,,,,
Wizards,3,102,,7,89,,,,,,,,
Mavericks,3,105,,9,89,,,,,,,,
Celtics,,104,,,90,,,,,,,,
Hawks,2,95,,2,90,37,,,,,,,
Warriors,6,119,25,56,91,,,,,,,,
Magic,35,113,36,27,91,,,,,,,,
Nets,,100,,,92,49,,,18,11,,,
Pistons,,105,,,92,43,,,,,,,
Kings,8,85,,9,93,,42,,,23,,,
Grizzlies,2,97,,15,93,,35,,,,,,
Nuggets,49,92,,28,94,,,,,,,,
Clippers,26,107,,51,94,,,,,,,,
Knicks,,,,,95,,33,,,,,,
Nuggets,,,,,95,,44,,,,,,
Nuggets,27,121,,22,96,,,,,,,,
Bucks,28,117,,21,96,,,,,,,,22
Rockets,7,109,,17,97,50,48,31,,,51,,
Mavericks,18,87,18,5,97,,32,,,,32,,
76ers,,93,,,98,,,,,,,,
Timberwolves,24,91,,11,98,,,,,,,,
Nets,56,104,,13,99,,,,,,,,
Mavericks,39,111,,30,99,54,,,,,,,
Hawks,27,130,,34,100,54,,,,,,,27
Cavaliers,,135,,,100,,,,,,,,
Warriors,1,103,,27,101,,,,,,,,
Jazz,15,85,,12,101,41,,,,,,,
Nets,33,110,,25,102,,,,,,,,
Warriors,12,108,,46,102,,,,,,,,
Trail Blazers,36,110,,41,103,52,,,,,,,
Heat,32,93,,44,103,39,,,,,,,
Suns,8,116,,11,104,,,,,,48,,
Pacers,11,99,,7,104,48,,,,,31,,
Thunder,1,97,,6,105,,,,,,,,
Heat,4,85,,2,105,,,,,,,,
Jazz,41,92,,40,106,,,,,,,,
Mavericks,39,101,,42,106,,,,,9,,,
Suns,,,,,107,,,,,16,,,
Kings,32,92,,24,108,,,,,,,,14
Spurs,9,108,,48,108,52,,26,,,,,
Clippers,9,103,,11,109,,,,,,,,
Magic,9,101,,11,109,,,,,,,,
Trail Blazers,,120,,,110,,,,,,57,,36
Warriors,1,108,,2,110,,,,,,,,18
Timberwolves,,,,,111,,,,,,,,26
Pacers,33,93,,20,112,,,,,,,,
Spurs,19,95,,33,112,,,18,18,,,,
Jazz,20,98,,16,113,55,,,,,,,
Heat,,83,,,113,42,,14,,,,,
Lakers,9,85,,8,114,36,,,,,,20,
Warriors,2,109,29,14,114,,,,,,,30,23
Pistons,2,103,,4,115,48,,,,,35,,
Nuggets,3,86,,2,115,33,,,,16,,,
Lakers,,,,,116,51,,34,,,,,
Clippers,1,111,,7,117,,,,,,,,
Trail Blazers,4,80,,5,117,,,,,,,,
Magic,22,93,18,16,118,42,,18,,,35,,
Rockets,9,100,,29,118,,,,,,,,
Warriors,2,98,,3,119,47,,,,,47,,23
Grizzlies,3,78,,2,119,40,,,,,27,,16
Grizzlies,11,102,,29,120,,,,,,,,
Trail Blazers,11,98,,30,120,,,,,,,,
Raptors,19,117,,41,121,,38,,,,50,,
Trail Blazers,30,115,,33,121,,,,,,,,
Rockets,22,125,,49,124,,,,,,,,
Nuggets,37,124,,33,124,,,,,,,28,
Mavericks,14,98,,30,125,,,,,,,,
Bulls,16,102,,29,125,,,,,,,,
Bucks,30,103,,33,126,52,,,,,,,
Pelicans,29,114,,35,126,59,,,,,60,,
Heat,6,93,,6,127,,,,,,,,
Clippers,4,110,,7,127,,,,,,,,
Celtics,30,107,,41,128,,,,,,32,,
Magic,41,96,,29,128,42,,15,,11,,,
Knicks,8,109,,3,129,,,,,,,,
Nuggets,7,93,,2,129,39,,,,17,,,
Rockets,3,91,,11,130,42,,,,,,,
Knicks,11,86,,4,130,46,,,,,,,
Kings,36,96,,20,131,,,,,,,,21
Spurs,23,107,,35,131,,,,,,,,
Bucks,31,95,,25,132,43,,,,,,,
Jazz,22,109,,36,132,50,,,,,,,
Warriors,,122,,,133,,,,,,,,
Magic,45,92,,24,133,37,,,,,26,,
Hawks,17,101,,22,134,,,,,,,18,
Celtics,15,103,25,25,134,,,,,,,28,
Hawks,,94,,,135,,40,,,,30,25,
Pistons,,106,,1,135,,59,,,,41,25,
Grizzlies,20,108,,26,136,,,,,,,,
Magic,23,102,,20,136,,,,,19,,,
Nets,44,110,,9,137,,,,,,,,
Wizards,21,114,,31,137,,,,,,,31,
Heat,,,,,138,53,,,,,,,
Bucks,,,,,138,42,,,,,,,
Bulls,8,,,14,139,,47,,,,,,35
Trail Blazers,6,,,17,139,49,37,,,,50,,
Clippers,16,120,,32,140,54,,26,,,,,27
Bulls,20,93,,26,140,,,,,,,,
Heat,33,91,,25,141,40,,,,,,12,
Hawks,12,93,,47,141,,,,,,,17,
Trail Blazers,3,97,,,142,,,,,,,,
Nets,,87,,4,142,39,,,,,5,,
Pelicans,3,109,,4,143,55,44,,,,42,,
Lakers,7,102,,1,143,42,38,,,,33,,
Heat,3,92,,6,144,,,,,,,,
Jazz,4,91,,4,144,,,,,,,,
Magic,,101,,,145,,,,,,,,
Lakers,7,99,,1,145,,,25,25,,,25,
Clippers,,105,,4,146,,,,20,,,,
Rockets,3,109,,4,146,,,,,,,,
76ers,34,103,,18,147,,,,,,,,
Spurs,12,111,,40,147,,,,,,50,,
Pelicans,38,98,,24,148,39,,,,16,,,
Spurs,,101,,,148,42,,,,11,,,
Pacers,34,118,32,29,149,53,,,,13,50,,
Magic,44,86,,21,149,37,,,,,24,,
Wizards,14,117,,12,151,,,,,,,,
Clippers,8,110,,20,151,,,,,,,,
Trail Blazers,11,98,,31,152,,,,,,,,
Kings,25,94,,16,152,,,,,,,,
Hawks,,,,19,153,,,,,,,,
Hornets,28,118,,36,154,51,,,,,40,,
Pistons,32,103,,33,154,,,,,,,,
Bulls,34,94,,31,156,,,,,,,,
Rockets,21,115,,45,156,,,,,,,,
Bucks,22,98,23,14,157,,,23,,,,,19
Spurs,6,123,,30,157,,,,,,,29,31
Nets,,111,,,158,,,,26,12,,26,
Hawks,19,114,20,59,158,,,,,,,,
Bulls,12,102,25,18,159,,,,,,,,29
Pacers,13,100,,18,159,,,,,,,,19
Lakers,27,75,,12,160,32,,,,,,,
Heat,21,78,,17,160,42,,,,,,,
Hornets,20,107,,18,161,,54,26,,,,,
Hawks,16,84,,23,161,37,37,17,,,,,
Pistons,15,96,,3,162,37,,,,,29,,
Lakers,13,106,,5,162,,,,,,,,
Grizzlies,17,82,,42,163,40,37,,,,,,
Jazz,35,93,,24,163,45,55,,,,,,
Warriors,9,,,50,164,,,,,,,,27
Suns,51,119,,20,165,,,,,,,,
Lakers,56,107,,15,165,,,,,,,22,
Thunder,8,104,,,166,,,,,10,,,
Jazz,12,98,,10,166,,,,,11,,,30
Hornets,39,98,,30,167,,,,,,,19,
Wizards,27,93,,42,167,37,,,,12,33,,
Clippers,19,119,,36,168,,,,,,,,
Spurs,20,115,,34,168,,,,,,,,
Spurs,,,,,169,,,20,,,,,
Celtics,5,90,,6,170,,,,,,,,10
Mavericks,8,83,,2,170,,,,,,,,
Lakers,24,89,,12,171,,34,15,13,15,,,
Mavericks,23,101,,10,171,49,42,24,31,15,45,,
Suns,12,103,,12,172,,,,,,,,
Pistons,19,105,,4,172,,,,,,,,
Raptors,13,122,,24,173,,,19,,17,,,
Rockets,9,129,,30,173,,,27,,15,,,
Clippers,5,121,,15,174,,,,,,,,
Suns,10,120,,12,174,,,,,,,,
Grizzlies,,93,,,175,41,,,,,29,,
Pelicans,2,81,,1,175,34,,,,,17,,
Cavaliers,7,105,,13,176,,,,,,,,
Raptors,6,101,,16,176,,,,,,,,
Suns,51,97,,19,177,,,,,,,,
Grizzlies,30,103,,41,177,,,,31,,,,
Hawks,27,92,,31,178,42,,,,,29,,
Warriors,5,102,,50,178,44,,30,,13,31,30,
Jazz,,95,,,179,,55,,,,,24,24
Hawks,,68,,,179,31,40,,,,32,,
Nuggets,50,143,,29,180,,,,,,,,
Mavericks,31,144,,48,180,,,,,,,,
Cavaliers,20,106,,23,181,52,,,,,,31,
Jazz,28,92,,14,181,42,,,,,,20,20
Cavaliers,,128,,4,182,,,,,,,,
Rockets,2,120,,2,182,,,,,,,,
Pacers,,,23,,183,,,,,,,,
Pistons,,,,23,183,,,,,,,,
Bucks,17,91,23,17,184,43,,,,,29,,
Pacers,21,94,28,13,184,43,,,,,40,,
Heat,32,113,,27,185,49,,,,,,,
Pacers,29,95,,30,185,40,,,,15,,,
Wizards,18,101,,19,186,,,,32,,,26,
Bulls,20,99,,19,186,,,,16,,,36,
Hawks,3,100,18,4,187,,,,,,,,
Jazz,6,97,9,3,187,,,,,,,,
Bulls,1,98,29,3,188,,,,,,,,
Magic,4,90,21,0,188,,,,,,,,
Pistons,33,87,,21,189,41,36,,,,,12,
Spurs,19,104,,34,189,,45,,,,,20,
Warriors,7,111,,36,190,,,,,13,,,
Bulls,17,113,,30,190,,,,,,,,
Thunder,21,96,,44,191,,,,,24,22,,
Timberwolves,45,99,,21,191,,,,,,,24,
Timberwolves,11,103,,8,193,,,,,,,,
Trail Blazers,12,109,,9,193,,,,,,50,,
Pacers,6,103,,6,194,,,,,,,,
Cavaliers,2,93,,9,194,,,,,,,,
Pistons,4,96,17,2,195,39,51,,,,26,,
Jazz,4,97,23,3,195,46,43,,,,40,,
Timberwolves,,79,,,196,35,,,,16,35,,
Clippers,27,99,,47,196,,,,,,,,
Thunder,8,126,,12,197,,,,,,,,
Wizards,11,115,21,6,197,,,25,,,,,
Nuggets,10,80,,6,198,40,,,,,,16,
Spurs,3,91,,13,198,,,,,,,,
Suns,20,106,26,27,200,46,41,,,,,,
Wizards,16,98,32,31,200,42,50,,,,,,
Kings,,,,2,201,,,,,,,,29
Timberwolves,2,,,,201,,,19,,,,,
Timberwolves,37,102,,16,202,,,,,,17,,
Pelicans,32,116,,19,202,,,,,4,,,
Pacers,33,91,,37,203,,,18,,12,,,
76ers,62,75,,9,203,39,,15,,15,,18,18
Knicks,59,92,,14,204,,,,,,,,17
Celtics,40,96,,32,204,,,,,,,,
Pistons,35,83,,33,205,42,,,,,,19,16
Jazz,25,97,,43,205,,,,,,,28,26
Wizards,1,96,,4,206,37,,,,,,,
Pacers,4,94,,1,206,39,,,,,,,
Trail Blazers,10,108,,7,207,,,,,,,34,
Lakers,13,96,,2,207,,,,,,,21,
Rockets,9,121,,31,208,,,,,,,,
Hornets,19,114,,20,208,,,,,,,,
Nets,4,119,,3,209,55,,,,20,,,
Timberwolves,5,110,,1,209,,,,,,,,
Thunder,,95,,,210,,,,,,,,
Warriors,14,111,,56,210,,,,,,,,34
Warriors,14,114,,58,212,,,37,,,,,
Kings,45,100,,27,212,,,,,,,,
Bucks,40,85,,30,213,52,,,,,,,19
Jazz,36,94,,34,213,,,,,,,,
Bulls,23,86,17,37,215,31,,,,,,,
Clippers,21,96,,39,215,,,,,,,,17
Bucks,10,105,,10,216,52,,,,,64,,
Mavericks,5,107,,15,216,,,,,,,,
Nuggets,38,120,,24,217,,50,,,,,,
Nets,44,121,,18,217,,34,,,,,,
Rockets,1,,,,218,,,,,,,,
Celtics,,,,,219,,,,,,,32,
Spurs,3,,,,219,,,,,,,22,
Pacers,9,91,,9,220,,,26,,,,,
Clippers,4,70,,14,220,31,,,,,17,,
Hawks,1,106,,1,221,,,,,10,,28,
Wizards,1,90,,1,221,43,,,,16,55,20,
Grizzlies,12,85,,35,222,,,,,,,,
Thunder,24,74,12,23,222,,,15,,,,,
Spurs,6,101,,27,223,,,,,,,,
Timberwolves,20,95,,11,223,,,,,,,,
Suns,3,100,,0,224,,,,,,,,
Warriors,1,106,,2,224,,,,,,28,,
Pistons,1,82,,3,225,,,14,,23,,,
Pacers,3,94,,1,225,,,,,,,,
Thunder,11,92,,3,226,,,,,,,,
Nets,7,94,,5,226,,,,,,,,
Pelicans,27,116,,16,227,,,,,8,,,
Bucks,27,99,,19,227,,,,,18,,,
Trail Blazers,22,78,26,15,228,,42,,,,,,
Grizzlies,17,91,,19,228,,52,,,,,,
Spurs,13,114,,50,229,,,,,,,15,
Kings,39,104,,25,229,,,,,,,,26
Cavaliers,9,104,,22,230,,,,,,,,
Magic,15,79,,19,230,38,,,,14,24,,
Mavericks,8,98,,17,231,,,,,15,,,
Warriors,2,105,,20,231,,,,,,,,
Jazz,21,104,,34,232,41,,,,9,,,
Celtics,19,112,,35,232,59,,,,,,,
Spurs,8,110,,41,233,52,36,30,,,60,,
Pelicans,30,97,,18,233,,,,,,,,
Warriors,3,127,,16,234,,,,,,,,
Rockets,7,132,,12,234,,,,,,,,
Pacers,34,94,,25,235,41,,,14,,,,
76ers,46,74,,13,235,,,,,,,,
Cavaliers,20,108,25,25,236,,,,,,,,
Thunder,22,98,20,22,236,,,,,,,,
Bucks,33,102,,32,237,,,,,,,,
Timberwolves,38,95,,27,237,,,,,,,,
Nets,40,114,,35,238,,,,,,,,
Raptors,31,109,,45,238,,,,,,,,
Pelicans,10,121,,4,239,,,,,,,,
Hornets,4,116,,8,239,,,,,,,,
Hawks,8,113,,38,240,,,,,,,,
Nets,27,102,,18,240,45,35,,,,,,26
Raptors,,106,,,241,,,,35,,,,
Pacers,,99,,,241,,,,23,,,,
Knicks,24,107,,18,242,,,,,,,,
Hawks,17,108,,24,242,,,,,,,,
Grizzlies,19,101,,24,243,,,,,,,,
Pelicans,27,99,23,13,243,,,,,,,,
Thunder,13,117,,38,244,,50,,,,,,
Magic,27,114,,21,244,,39,,,,,,
Wizards,6,104,,16,245,,,,,,,,
Clippers,6,96,,16,245,43,,,,18,,,
Jazz,9,122,,9,246,,,,,,,,
Pacers,7,119,,12,246,,,,,,,,
Pacers,9,104,,16,247,,,,,,,,
Nets,19,97,,7,247,,,,,,,,
Hornets,26,108,,25,248,,,,30,,,,
Wizards,27,104,,22,248,,,,17,,,,
76ers,45,110,,8,249,,,,,19,,,
Kings,31,114,,22,249,,,,,,25,,
Mavericks,31,107,,47,250,,,18,,8,22,,
Suns,40,104,,39,250,,,,,,,,
Nets,40,90,,14,251,,,,,,,,
Grizzlies,22,109,20,31,251,,,,,,,,
Wizards,5,107,,11,252,,42,,,,53,,
Heat,8,86,,9,252,,33,,,,9,,
Grizzlies,,,,,253,52,,,,,59,,
Pacers,34,104,,39,254,47,,,,,,,
Rockets,38,101,,36,254,,,,,,,,
Timberwolves,1,101,,2,256,,,,,,,,
Trail Blazers,2,106,,2,256,,,,,,,,
Suns,1,94,,0,257,,,,,,25,,
Kings,,113,,1,257,,,,,,,,
Celtics,23,139,,32,258,,,,,,,,
Clippers,18,134,,35,258,52,,,,,,,
Spurs,16,110,19,25,259,45,,,,,,,
Trail Blazers,10,96,,30,259,50,,,,16,,,
Bulls,12,117,,21,260,55,,,,,,,
Bucks,23,106,,14,260,,,,,,,,
Hornets,,,22,,261,,,,,,,,
Hawks,9,100,,13,262,50,,,,,,,
Lakers,16,87,,3,262,37,,,,,,,
Hornets,30,93,,39,263,42,,,22,,,22,
Nuggets,41,101,,29,263,,,,,13,50,,
Nets,9,,,6,264,37,,,,,,,
Bulls,6,,,11,264,,,,,,,25,
Rockets,,,,,265,,,,,21,,,
Suns,,,,,265,39,,,,,,,
Grizzlies,,,,,266,44,,,,,,,
Nets,,,,,266,53,,,,,,,
Celtics,19,117,21,21,268,,,,,,,,
Suns,28,103,,13,268,,,,,,,,
Heat,,,,,269,54,,,,,50,,
Lakers,,,27,,269,,,,,,,,
Wizards,16,111,,15,270,,,,,,,,
Pacers,18,105,,15,270,,,,,,,,
Lakers,,,,,271,44,37,,,,,,
Bulls,5,,,,271,52,56,,,,,,
Warriors,2,105,,16,272,,,,,,34,,
Hawks,8,100,,10,272,,,,,,,,
Thunder,7,89,,3,273,,,,,,,,
Pistons,6,96,,3,273,,,,,,,,
76ers,63,97,,18,275,,,,,,,,
Bucks,40,107,,41,275,49,,,,,44,,
Grizzlies,4,103,21,16,276,59,,,,,62,,
Heat,11,87,12,9,276,49,,,,,31,,
Spurs,,,,,277,,,,21,,25,,
Kings,17,135,,13,278,55,,,,,50,,
Knicks,27,129,,5,278,,,,,,,,
Grizzlies,18,91,24,20,279,,,,,,,,
Nuggets,24,84,,13,279,,,,29,,,,
Nets,28,110,,11,280,,,,20,,,,
Knicks,21,104,,20,280,,,,,,,,
Celtics,18,107,,33,281,,,,,,,,
Clippers,20,102,,31,281,,,,,,,,
Hornets,33,103,,27,282,,,,,,,,
Raptors,24,94,,38,282,,,,,,,,
Jazz,8,103,,8,283,,,,,,,,
Warriors,,106,,,283,,,,,,,26,
Pistons,33,106,,32,284,47,,,,,,22,
Cavaliers,21,101,,42,284,,,,,,,29,
Bucks,30,114,30,22,285,,,,,,,30,
Lakers,37,122,,19,285,52,,,,,,47,
Trail Blazers,,,,,286,63,35,,,14,50,,
Timberwolves,,,,,286,,27,,,,,,
Knicks,,,,,287,51,,,,,,,
Warriors,,,,,288,,,39,,18,,,
Pistons,,,,18,288,,,,,,21,,
76ers,20,108,,7,289,,,,,,,,
Nets,19,107,,7,289,,,,,,,,
Spurs,11,101,,36,291,,,,,11,,,
Mavericks,30,105,,17,291,,,,,6,,,
Suns,16,125,,20,292,54,,,,,35,,
Raptors,10,109,,24,292,46,,,,,35,,
Thunder,,,,,293,55,,,,,,,
Hornets,26,108,,26,295,,,,,,39,38,
Bulls,24,91,,27,295,39,,,,,40,,22
Kings,37,109,16,25,296,,,,,,,,
Jazz,24,110,28,39,296,,,,,,,,
Wizards,18,88,,31,297,41,,,,,,,
Hornets,27,92,,21,297,47,,,,,,,
Suns,59,114,,23,298,,,,,,,,
Clippers,29,105,,53,298,,,,,,,,
Pelicans,35,99,,23,299,,,,,,,,
Rockets,18,129,,41,299,,,,,,,,
Bucks,13,90,,9,300,,,,,,,,
Trail Blazers,13,88,,9,300,,,,,,,,17
Kings,,88,,,301,,42,,,,,,19
Timberwolves,36,102,,24,301,,,,,,,,40
Thunder,12,113,,29,302,,,31,25,6,,,
Timberwolves,29,93,,12,302,,,15,,12,,,
Bucks,18,113,,12,303,60,,,,,,35,
76ers,30,100,,1,303,,,,,,,18,
Bucks,29,88,,22,304,,,,,12,,15,
Heat,30,106,,23,304,,,,,,,28,
Pistons,8,93,,3,305,,,,,,,,
Magic,7,107,,5,305,,,,,,,,
Nets,15,110,,6,306,,,,,,,,
Rockets,12,105,,10,306,,,,,,,,
Thunder,22,113,,50,307,,,27,,,,,
Jazz,37,91,,35,307,,,18,,18,23,,
Grizzlies,,,,,308,43,,,,,,,
Mavericks,,86,,,309,38,,,,,25,22,
Raptors,29,94,,44,309,48,,,,,43,30,
Clippers,20,103,,40,310,,,,,,,,
Thunder,19,98,,42,310,,,,,,,,
Heat,,,,,311,40,,,,16,,,
Thunder,30,122,,41,312,55,54,26,,,,,
76ers,,97,,,312,,25,,,,,,
Bucks,,,,,314,57,,,,,60,,
Heat,26,108,,35,315,48,,25,27,,53,,
Suns,46,92,,15,315,,,,,,,,
Bucks,15,101,,14,316,,,,,,,,
Hornets,19,108,,10,316,,,,,,,,
Nets,33,116,,12,317,,49,,,,,,
Thunder,13,106,,33,317,,,,,,,,
Lakers,14,103,,2,318,,,,,,,,
Pacers,5,107,,11,318,,,,,,,,
Grizzlies,35,95,,41,319,41,,,,,,,
Raptors,24,99,,51,319,,,,,,,,
Thunder,12,108,,28,320,,54,,18,,,,
Mavericks,18,89,,22,320,,41,,22,,,,
Heat,14,90,,21,321,,,,,,12,,
Knicks,19,98,,18,321,,,,,,,,
Clippers,,88,,,322,,,,,,,,
Jazz,2,75,,1,322,,,,,,,,
Heat,24,101,,32,323,,,,,,15,,
Pacers,26,93,,30,323,,,,,,,,
Timberwolves,,,,,324,,,,,18,,,
Nets,24,90,,17,325,,,,,,,,
Wizards,13,99,22,28,325,,,,,,,,
Pelicans,,93,,,326,41,,,,,,,
Celtics,,111,,,326,,,,,,,,
Spurs,7,130,,39,327,56,,34,,13,52,,
Rockets,23,99,,25,327,38,,14,,,,29,20
Pistons,9,102,,11,328,,46,,,,,,34
Bucks,13,95,,7,328,,51,,,,,,
Celtics,2,87,,1,329,,,,,,,,
Spurs,,95,,2,329,,,,,,,,
76ers,,,,,331,49,,,,,,,
Celtics,1,107,,3,332,,,,,,,,
Bulls,1,100,,3,332,,,,,,,,
Magic,6,,,6,333,,,,,,,,
Lakers,,113,,,334,,34,,,,,,
Thunder,11,117,,26,334,,45,,,,,,
Clippers,14,103,,26,335,,,,,,,,
Kings,23,110,,17,335,,,,,,52,,
Trail Blazers,36,105,,39,336,,,25,,,,,
Kings,45,93,30,29,336,,,,,14,,,
Bucks,,115,,,337,,,,,,,,
Trail Blazers,,107,,,337,,,,,,,,
Pistons,32,101,,20,338,47,35,,,,32,,
Timberwolves,40,112,,11,338,51,40,,,,42,,
Nets,41,97,23,9,339,,,,,19,,16,
Pacers,22,106,,27,339,,,,24,,40,27,
Pacers,,,,,340,,50,,,,,,
Grizzlies,,,,,340,,39,,,,,,
Heat,30,116,,20,341,,,,,,,29,
Hawks,21,93,,28,341,,,,,15,,22,
Mavericks,3,107,,3,342,,,,,,,,
Pelicans,6,98,,0,342,,,,,,,,
Celtics,,,,,344,,,,,,,,26
76ers,,,,,344,,,,,,,23,
76ers,56,95,,9,346,,,,,,,,
Nets,47,89,,18,346,38,,,,,,21,24
Magic,39,89,,17,347,,,,20,,,,
Knicks,43,83,,10,347,34,,,,,,,
Thunder,22,100,,28,348,,,,,,,,
Bulls,25,128,,25,348,,,,,,,,
Mavericks,2,91,18,2,349,38,,,,,,,
Raptors,,102,28,4,349,,,,,,,,
Wizards,8,119,,3,350,54,,,,,60,,
Knicks,7,112,,5,350,,,,,,,,
Bulls,30,108,,31,351,,,,,,,,
Rockets,32,100,,30,351,,,,,,,,
Hornets,,100,,,352,,,,,,,,
Pacers,,88,,,352,,,,,,,,
Celtics,27,98,,39,353,37,,,,14,,,
Rockets,32,102,,33,353,,,,,,,,
Hawks,12,106,,18,354,48,,,,10,,,
Trail Blazers,19,97,39,11,354,,50,,,,,,
Heat,,,27,,355,,,,,,,,
Hornets,,,15,,355,,,,,,,,
Jazz,34,92,,20,356,,,,,,,,
Trail Blazers,18,76,,36,356,,,,,,,,
Nuggets,45,107,,28,357,,,,,,,,
Jazz,41,91,,31,357,,,,24,,,,
Pistons,3,98,23,1,358,37,,,,,,,
Knicks,3,95,,2,358,,,,,,45,20,
Cavaliers,,113,,,359,45,46,,,,42,,
Celtics,,100,,,359,47,34,,,,36,,
Mavericks,15,117,,20,360,,,,,,,,
Kings,21,116,,14,360,,,,,,,,
Mavericks,9,102,39,20,361,,,,,,,18,
Hawks,7,105,23,20,361,,,,,,,,
Hawks,8,110,,35,362,,,,,,,,
Pacers,29,91,,15,362,,,,,,,,
Clippers,23,124,,36,364,,,,,,,,
Hornets,34,121,,25,364,,,,,,,,
Suns,32,112,,15,365,,,,,,,,
Nuggets,25,123,,21,365,,,,,,,21,
Hawks,9,105,,41,366,,,,,,,,
Wizards,19,96,,31,366,,,,,,,,
Suns,,,23,,367,,,,,,,23,
Bulls,29,105,,27,368,48,,,20,17,41,,
Raptors,24,94,,32,368,,,,,,,,
Nets,,107,25,,369,,,,25,,,,
Kings,,99,,,369,,,,25,21,,,
Clippers,26,112,37,40,370,,,,,,,,
76ers,42,100,21,23,370,,,,,,,,
Heat,4,96,,8,371,,,,,,,,
76ers,14,91,,0,371,,,,,,,,
Warriors,,97,,2,372,,,,,,,17,
Pelicans,2,87,,0,372,,,,,,,28,
Thunder,19,,,18,373,,,,,,,,
Jazz,24,,,13,373,,,,,20,,27,
Magic,,,,,374,,50,,,,,,
Mavericks,,,,,374,34,34,,,,,,
Knicks,32,108,,23,375,,46,,,,31,,
Wizards,27,111,28,23,375,,32,,,,,,28
Cavaliers,14,107,,32,376,,,,,,,21,37
Thunder,20,91,,28,376,,,,,,,24,21
Celtics,1,103,,1,377,,38,,,,,,
Raptors,,113,,,377,,53,,,,,,
Heat,34,104,,32,378,,,,,,,32,27
Raptors,28,89,,38,378,38,,,,,,,15
Cavaliers,,,,,380,,46,,,,,,
Rockets,,,,,380,,32,30,,,,,
Nuggets,1,78,15,1,381,31,,,,,20,,
Timberwolves,,95,,,381,,,,,,,,
Knicks,57,82,,14,382,42,,,,,22,,
Grizzlies,21,103,,50,382,52,,,,,58,,
Pelicans,,,,,383,39,,,,12,,,
76ers,,,,,383,43,,,,10,,,
Jazz,,96,,,384,,,,,,,,
Lakers,,89,,,384,,,,,,,,
Kings,10,101,33,11,385,,,,13,,,,
Jazz,16,92,24,5,385,,,,,,,,
Bulls,,,,,386,39,,,,,24,,
Pacers,,,,,386,,,,,,,19,
Hawks,8,91,,40,387,,,,,,,,
76ers,38,85,,10,387,,,,,,,,
Magic,46,107,22,35,388,,,,,10,,32,
Bucks,48,98,,33,388,53,,18,,23,20,22,
Nuggets,37,117,,24,389,,,,26,,,,
Lakers,50,107,,12,389,,,,,,,,
Clippers,7,80,,6,390,,,,,,,,
Raptors,6,91,,9,390,,,,,,,,
Bulls,9,110,,11,392,42,50,16,,15,30,,
Trail Blazers,10,112,,12,392,48,38,25,,9,,,
Timberwolves,5,101,,2,393,,,,21,,,,
Rockets,1,113,,7,393,,,,31,,,,
Magic,15,89,,9,394,,,,,,,,
Wizards,6,91,,15,394,,,,,,,,
Celtics,15,,,,395,50,,,21,,,,
Hornets,,,,,395,44,,,,,,,
Knicks,15,93,29,4,396,,40,,,,,,
Nets,9,98,21,7,396,,49,,,,,,
Cavaliers,,105,,,397,,,,,,30,,
Magic,3,99,,0,397,,,,17,,,,
Pelicans,,99,,,399,,,,,,,,
Heat,29,113,,41,399,,,,,,,,
Clippers,,,,,400,,,,,20,,,
Jazz,28,108,,44,401,46,,,,,,,
Knicks,44,101,,27,401,,,,,11,,,
Nets,35,100,,25,402,,,,,,,,
Suns,30,108,,33,402,,,,19,,,,
Nuggets,23,140,,15,403,,,37,,,,,
Pacers,19,112,,20,403,,,,,,,,
Nuggets,8,105,,5,404,,,31,,8,,24,
Jazz,8,91,,7,404,39,,15,,10,,14,
Heat,39,109,,34,405,,,,,,,,
Pistons,45,102,,28,405,,,,,,,,
Cavaliers,2,104,,10,406,,,,,,,30,
Pistons,7,81,,6,406,31,,,,,,19,
Bucks,,137,,,407,63,,,,,,,
Kings,24,118,,16,408,,,,,,,,
Thunder,17,122,,25,408,,,,,,,,
Cavaliers,,,,,409,46,,,,17,,,
Grizzlies,,,,,409,,,,,,18,,
Rockets,,,,,410,,,30,,,,,
Kings,45,107,,25,411,,,,,10,,,
76ers,54,106,,17,411,,,,,,,,
Cavaliers,,,,,412,,,17,,17,,,
Suns,42,120,,19,413,60,,,,,,,
Hornets,35,103,,26,413,,,,,,,,26
Warriors,,,,,414,62,,35,,,50,,
76ers,61,90,,18,415,35,,,,,,,
Wizards,33,119,,45,415,65,,,,,53,,
Heat,23,93,,29,416,40,,,,13,,,
Clippers,17,100,,34,416,,,,,,,,
Grizzlies,9,95,,12,417,,,,,12,,,
Suns,13,93,,8,417,,,,,18,29,,
Nuggets,30,132,25,25,418,,,,,,,,
Warriors,9,110,,46,418,,,,,,,,
Cavaliers,1,106,,6,419,,,,,,,,
Hawks,2,110,,5,419,51,,,,,,,
Pistons,28,121,,25,420,,,,36,,,,
Lakers,37,102,,18,420,43,,,20,21,,,
Clippers,,,37,,421,,,,,,,,
76ers,,,21,,421,,,,,,,,
Spurs,8,106,,43,422,44,,27,,,,,
Lakers,42,102,,11,422,40,,19,,,,20,
Celtics,,121,,,424,56,,,,,36,,
Nets,1,105,,0,424,49,,,,,37,,
76ers,,,,,425,50,,,,,,,
Raptors,,,31,,425,47,,,,,,,
Bucks,7,93,24,6,426,,,25,20,,,,29
Magic,8,89,15,6,426,,,,30,,,,17
Pacers,12,110,,13,427,,,,,,,,
Hornets,11,94,,14,427,,,,,,,,
Magic,13,100,,19,428,44,,,,16,,,
Nets,23,93,,9,428,,,,,,15,,
Raptors,3,102,,13,429,,,,,,,,
Mavericks,5,106,,12,429,,,,,8,,,
Lakers,46,93,16,16,430,46,,,,16,14,,
Mavericks,24,100,25,41,430,49,,,,,35,,
Lakers,8,80,,1,431,37,,,,,17,,
Spurs,3,93,,5,431,,,,,,,,
Raptors,,,32,,432,,,,,,,31,
Hornets,,,10,,432,,,,,,,20,
Knicks,10,91,,4,433,,,,,,,,
76ers,13,83,,0,433,,,13,,,,13,
Celtics,4,91,,3,434,,36,,,,17,,
Pacers,4,102,,5,434,48,41,,,,35,,
Mavericks,22,91,,27,435,,,,,,,,
Nets,35,79,,12,435,,,,,,,,
Kings,15,107,,10,436,51,,,,28,,,
Rockets,14,97,,12,436,,,,,,,,
Cavaliers,9,97,,14,437,,,,,,,,
Hornets,18,88,,6,437,,,,,,,,
Clippers,,,,,438,44,36,,,,,,29
Spurs,,,,,438,43,51,,,,,,
Raptors,13,94,,20,440,,,,,,,,
Wizards,16,91,,14,440,,,,,,,,
Wizards,14,109,22,10,441,,,,38,,,,
Hornets,12,106,29,14,441,51,,,23,,,,
Kings,53,102,27,28,442,49,,,,,,,
Lakers,60,92,18,21,442,42,,,,,,,
Bulls,38,117,,34,443,,,,,,,,
Pistons,38,95,,34,443,,,,,,,,
Thunder,,,,,444,,,,,,28,,
Timberwolves,19,115,,8,445,,,,,,,,
Suns,20,108,21,8,445,,,,,,,,
Heat,4,116,,7,446,,,,,,,,
Kings,9,109,,4,446,,,,,,,,
Nets,51,104,,20,447,,,28,,,,,
Cavaliers,21,95,,51,447,44,,,,14,26,,
Pistons,,,,,448,42,,,,,,,
Nuggets,35,113,,29,449,53,,,,,46,,
Wizards,24,123,,39,449,57,,,30,,42,,
Mavericks,22,94,,39,450,43,,,,,,,
Nets,33,104,,24,450,,,,35,,,,
Raptors,18,114,,38,451,,,,,12,,,
Timberwolves,40,105,,18,451,,,,,,,,
Trail Blazers,32,121,,35,452,,,,,,,,
Magic,37,84,,28,452,,,,,,,,18
Pistons,22,106,,25,453,,,,,,,,
Cavaliers,12,114,,33,453,,,,,,,,
Hornets,22,99,,23,454,39,,,,,25,,
Wizards,20,109,,24,454,54,,,,,40,,
Hawks,,,,,455,36,,,,,,,
Wizards,,,,,455,,,,,,,,30
Raptors,9,97,,14,456,,,,,,,,
Spurs,5,94,,18,456,,,,,,,,
Spurs,2,114,,4,457,56,,35,42,,,,
Hornets,4,94,,2,457,,,,,,,,
Thunder,22,92,,23,458,42,,,,,20,,
Timberwolves,37,84,,7,458,34,,,,,15,,
Pelicans,32,111,,20,459,,,,,,,,
Suns,36,106,,16,459,,,,,,,,
Rockets,,,,,460,50,,,,,,,
Suns,,,,,460,,,,,,23,,20
Celtics,,,,,461,39,33,,,,,,
Grizzlies,8,101,19,9,462,,,,,,,36,
Hawks,7,116,31,11,462,,,25,,,,29,
Jazz,,,,,463,,,26,,,,,
Raptors,1,96,,,464,,,,,,24,,
Heat,,102,,1,464,,,,,,73,,
Warriors,1,128,,25,465,52,,32,,,,,
Suns,16,103,,11,465,,,,,,,,
Nuggets,,,,,466,,,,,15,,,
Hawks,,,27,,466,,,,,,,,
Pelicans,27,114,,14,467,,,,,,,,
Timberwolves,30,99,,13,467,,,,,,,38,
Knicks,43,106,,30,468,,,,,,,,
Bulls,35,94,,36,468,,,15,20,,,,
Pistons,11,102,,12,469,,,24,,9,,,19
Bulls,10,91,,11,469,,,15,,14,,,
76ers,12,96,,0,470,,,,,,,,
Suns,5,122,,8,470,,,,,,,,
Heat,12,104,,5,471,,,,,,,,
Celtics,7,112,,10,471,,,,,9,,,27
Magic,34,84,,27,473,35,50,,,,,,
Suns,46,102,,16,473,,57,,,,,,
76ers,,,,1,474,,,,,,,,
Hornets,24,87,,10,475,37,,,,,21,,
Cavaliers,14,91,,19,475,38,,,,,27,,
Jazz,10,106,,10,476,,,,,,,,31
Knicks,13,85,,10,476,40,,,,,,11,
Pelicans,,115,,,477,,,,,,,28,
Hawks,1,121,,6,477,,41,30,,,,26,
76ers,,84,,,478,,,,,,,,
Jazz,3,109,,5,478,51,,,,,58,,
Thunder,8,106,,10,479,,,,,,,,
Pistons,10,88,,8,479,,,,,,5,,
Pelicans,10,113,,3,480,55,,31,,,38,31,
Trail Blazers,7,101,,7,480,38,,,,,35,,
Nets,,,,,481,,,,,,,,20
Thunder,12,105,,5,482,,,,,,,,
Knicks,13,78,,4,482,,,,,,,,
Spurs,,,,,483,,,,,,,27,
Nuggets,22,105,,18,484,,,,,,,,
Timberwolves,32,113,,7,484,,,,,,,,
Cavaliers,4,94,,13,485,,,12,,18,,,
Clippers,5,113,,15,485,,,,,,42,24,
Clippers,26,110,,55,486,,,,,,,,
Nuggets,51,103,,30,486,,,,,,,,
Hornets,13,89,,15,487,36,,,,,,,
Celtics,13,102,,16,487,,,,,,,,
Magic,43,,,19,488,,,,17,,,,
Suns,30,,,32,488,,,,,,,,
Cavaliers,16,125,,37,489,,,,,,,,
Nuggets,30,109,,24,489,40,,,,,,,22
Nets,3,88,,1,490,,,14,,,,20,
Bulls,,118,,3,490,,,26,,,,38,
Pelicans,29,94,,19,491,,,,,,,,
Wizards,20,107,,27,491,,,,,,,,
Celtics,3,95,,0,492,,,,,,,,
Cavaliers,,103,,3,492,,,,,,,31,
Grizzlies,10,92,,18,493,,,,,,,,
Kings,16,96,,10,493,39,,,,,,,
Bulls,30,94,,31,494,,49,,,,,,
Warriors,11,87,,50,494,39,41,,,15,20,,
Knicks,,,,,495,,,,,16,,,26
Grizzlies,5,,,5,496,,,,,,,,
Jazz,7,89,,6,497,38,,15,,,,20,
Thunder,6,111,,9,497,,,,,,,,40
Heat,,,,,498,49,,18,,,,,
Grizzlies,,,,,498,51,,23,,6,,,
Pistons,,,9,,501,,,,,,15,,
Raptors,,,27,,501,,,,,,,,
Spurs,,101,,,502,,,,,,,,
Mavericks,1,100,,0,502,,,,,10,,,
Pacers,32,114,,18,503,,,,,,,,
Pistons,31,109,,19,503,,,,27,,,,
Kings,14,92,,11,504,43,48,,,,,,
Thunder,13,104,,12,504,47,41,,,10,,,
Spurs,5,123,,15,505,,,,,,,,
Timberwolves,15,101,,4,505,,,,,,,,
Cavaliers,22,91,,45,506,,,,,,,,
Jazz,26,83,,43,506,,,,,16,24,20,
Magic,7,91,,6,507,,,,,,,,
Kings,9,97,,5,507,,,,,,,,
Bucks,,,28,,508,,,,,8,,,
Knicks,,,20,,508,,,,,,,,26
Lakers,27,97,,8,509,,,,,,,,
Suns,25,77,,12,509,,,,,,,10,
Pacers,,,,,510,50,,,,,,27,
Magic,,,,,510,43,,,,,26,17,
Knicks,10,111,,8,511,58,,,,,,,
Rockets,10,116,32,7,511,45,,,,,,,
Hawks,6,115,,7,512,,,,,,,,
Raptors,2,126,,13,512,,,,,,,,
Jazz,36,109,,28,513,,,,,,,,
Rockets,,91,,43,513,43,,,,,,,20
Suns,16,112,,19,514,50,48,,,,44,,
76ers,27,96,,4,514,,41,,,,,,
Clippers,26,105,,53,515,,,,,,,,
Lakers,,100,,,515,,,,,,,,
Lakers,59,106,,21,516,44,,,,,38,,
Mavericks,31,120,,49,516,54,,,,,48,,
Wizards,,91,,,517,,,,,,,,
Rockets,23,99,,50,517,,,,,,,,
Hawks,19,105,,26,518,,,,,,,,
Clippers,16,115,,30,518,,,,,11,,,
Mavericks,,,,,519,54,,,,,,,
Heat,32,106,,46,520,,,,,,,21,
Bulls,40,98,,39,520,,,,,,21,,
Knicks,43,80,,28,521,35,,,,,21,,
Kings,42,88,,27,521,40,,,,11,28,,
Nuggets,16,127,,11,522,56,,26,,,,33,
Knicks,13,114,,14,522,,,,,,,22,
Heat,21,105,,27,523,,,,,,,,
Hawks,22,87,,27,523,,,,,,,17,17
Wizards,16,103,31,15,524,,,25,24,,,24,24
Magic,14,91,19,19,524,,,,,,,,
Timberwolves,20,105,20,9,525,46,,,,,,,
Kings,17,109,31,13,525,,,,,,,,
Wizards,1,102,,3,526,,,,,,,,
Spurs,2,99,,3,526,,,,,,,,
Clippers,16,105,,31,527,,38,,,8,,,
Lakers,40,93,,9,527,,48,,,17,,,
Wizards,10,100,,5,528,,,,,,,,
Spurs,3,112,,14,528,53,,,,,,,
Cavaliers,19,99,,48,529,,,,,,,,
Mavericks,34,98,,34,529,,,,17,,,,
Heat,13,103,,21,530,,,,,,,,
Pacers,15,100,,19,530,,,18,,,,,18
Grizzlies,8,88,,16,531,,58,,,,30,,
Trail Blazers,12,86,,12,531,,52,,,,,,
Lakers,57,105,,15,532,,,,,,,,15
Nuggets,42,116,,31,532,,,,,,,,
Trail Blazers,3,102,,8,533,,,,,,,22,
Pelicans,4,93,,5,533,,,,31,,,,
Knicks,37,85,,25,535,,,,,,,,
Trail Blazers,28,104,,33,535,,55,,,,,,
Pistons,3,90,,0,536,,,,,,,,
Nets,1,102,,1,536,,,,,,,,
Thunder,12,86,,3,537,,,,,,,,
Warriors,2,91,,10,537,,,,,,,28,
Hawks,29,109,,41,538,,,,,,,,
Rockets,35,97,,35,538,39,,,,,,,
Bulls,19,84,,25,539,40,,,,,,,
Heat,21,89,28,24,539,,,,12,,,,
Spurs,14,107,21,51,540,52,,,,,44,,
Warriors,14,85,,52,540,36,,,,,29,,
Pelicans,,,,,541,36,,,,,,,
76ers,,99,,,542,,,,,,,,
Grizzlies,5,,,10,542,,,,,,,,
Cavaliers,26,117,,44,543,55,,,,,52,,
Nets,39,92,,27,543,,,,,,,,
Pelicans,33,94,,20,544,,37,,,,,,
Jazz,19,127,,34,544,,48,25,,,,,
Kings,48,114,,32,545,,,,27,,,,
Thunder,26,112,,54,545,,,,,,,,
Pelicans,26,93,,27,546,,,,,,,,
Pacers,33,106,17,21,546,,,,,,,,
Raptors,21,107,,44,547,,,,,5,,,
Bulls,32,109,,33,547,49,,,,,,,
Kings,13,97,,7,548,38,,21,,,,17,
Celtics,8,114,,11,548,48,,34,,,,32,
Mavericks,12,97,,15,549,,,,,,,,
Grizzlies,14,88,,14,549,,,13,,,,,
Bulls,2,102,24,6,550,,,,,,,,
Pistons,5,91,,2,550,,,19,,,,,
Mavericks,35,132,,35,551,,,,,,,,
Trail Blazers,35,120,,36,551,,,,,,,,
Hawks,,102,,1,552,,,,,,19,,
Celtics,1,101,,,552,36,,,,,,19,
Jazz,,,,,553,49,,,,,,29,
Magic,,,,,553,46,,,,,,42,
Suns,44,106,,14,554,,,16,,,,,
Nets,42,116,,16,554,49,42,,,,44,,
Warriors,,110,34,,555,,,,25,,,,
Trail Blazers,,99,12,,555,,,,,,,,25
Rockets,1,115,,1,556,43,54,,,,19,,21
Clippers,1,109,,1,556,45,40,,,11,24,,41
Bulls,28,108,,42,557,53,,,,,,,
Raptors,28,92,,41,557,38,,,,,,,
Spurs,9,104,,53,559,,,,,,,,
Kings,36,94,,25,559,,,,,,,,
76ers,,,,,560,52,,33,,18,,,
Suns,,,,,560,,,18,27,,,,
Timberwolves,,106,,,561,46,,,,,,40,
Pelicans,33,122,,21,561,60,,27,,,48,28,
Celtics,,,,,563,,,,20,,,,33
Lakers,,,,,563,39,,,,,,,21
Warriors,7,114,,64,564,,,,,,,,
Clippers,27,98,,43,564,,,,,,,,
Clippers,,107,,1,566,51,,,,,56,,
Spurs,1,92,,0,566,37,,,,,30,18,
Rockets,,,,,567,,48,31,,,,,
Mavericks,,,,,567,,32,,20,,,,
Spurs,13,100,,46,569,,,,,,,,
Pacers,30,99,,31,569,,,,,,,,
Bulls,33,92,,35,571,,,,,,,,
Jazz,36,85,,33,571,,,,,,,,
Rockets,17,128,34,38,572,,,,,,42,,
Magic,34,104,20,20,572,,,,,,,,
Nuggets,42,104,,30,573,,,,,,,,
76ers,63,103,,9,573,39,,,,,41,,
Mavericks,10,102,,21,574,,,,,,,,
Lakers,21,98,,9,574,36,,,,,,19,
Clippers,,93,,,575,,,,,,,,
Thunder,2,90,,0,575,,,,,,,,
Celtics,,112,,,576,,,,,,,,
76ers,,95,,,576,,,,,,,,14
Lakers,21,113,,4,577,,52,,,,,,
Bucks,16,95,,10,577,,38,,,,,,
Wizards,6,93,,17,578,49,,,,,,,
Jazz,18,84,,6,578,39,,,,,,,
Pelicans,28,105,,18,579,,,24,,9,,,
Nets,,103,,,579,,,,,10,,,
Lakers,51,77,,12,580,34,,,,,,,
Hawks,28,106,,34,580,54,,,,,,,
Clippers,22,101,,42,581,,,,,,,,
Knicks,40,94,,27,581,41,,,,,20,,
Spurs,16,89,,26,582,39,,,,,47,,
Jazz,27,69,,14,582,33,,,,,30,15,
Suns,23,99,,10,583,,,,34,,,,
Raptors,10,91,,22,583,40,,,22,18,,,
Thunder,8,107,,14,584,49,52,,,,53,35,25
Hawks,10,94,,14,584,,34,,,,,,
Pacers,32,94,,36,585,39,48,,,,,,
Raptors,21,101,,46,585,36,57,,,,,,
Trail Blazers,20,110,,14,586,,,,,,,,
Nuggets,21,103,,12,586,,,,,,,,
Trail Blazers,,98,,,587,,,,,,,,
Clippers,,84,,,587,,,,,,,,
Nuggets,24,99,23,18,588,,,,,,,,
Spurs,16,109,29,27,588,,,,,,,,
Spurs,16,106,,56,589,,,,,,,,
Knicks,46,98,24,27,589,,,,,,,,
Knicks,64,91,,15,590,,,22,16,24,,,
Bucks,40,99,,39,590,,,,,,,,
Bucks,35,128,36,25,591,59,,30,,,53,32,
Rockets,31,121,,29,591,,,,,,,26,
Pelicans,31,96,,18,592,,,,,,,,
Lakers,41,99,,11,592,,,,,,,,
Timberwolves,,,,,593,,,,,,40,,
Suns,13,107,,10,594,,,,,,25,21,
Magic,10,104,,12,594,,,,,,,,
Timberwolves,29,111,33,5,595,,46,,,,,,
Suns,16,113,42,22,595,,41,,,,,,
Bulls,,,,,596,43,,,,,,,
Suns,,,,,597,,,,,24,,,
Nuggets,32,129,,26,598,,,,,,,,
Nets,48,109,,9,598,49,,,,19,,,
Timberwolves,9,93,12,4,599,,,,,,,,
Celtics,6,99,,8,599,,,,,,,,
Raptors,,,,,600,46,32,,22,,,,
Thunder,,,,,600,53,47,,,,56,,
Timberwolves,6,125,,3,601,53,,28,,10,48,,
Lakers,5,99,,6,601,,,16,,17,,,
Heat,45,104,,35,602,,,,,,,,
Raptors,32,107,,48,602,,,,,,,,31
Timberwolves,3,95,,4,603,,48,,,22,,,
Hornets,4,104,,3,603,,34,,,,,,
Nuggets,25,129,45,16,604,,42,,,,,,
Pacers,19,126,,22,604,,33,,,,,,
Thunder,18,118,,41,605,,62,,,,,,
Warriors,5,121,,53,605,,32,,,,,,
Celtics,22,98,,38,606,39,,,,,29,,
Hawks,26,114,,33,606,,,,,,,,
Spurs,,102,,,607,,,,,,,,
76ers,,86,,,607,34,,,,,,,
Pistons,19,101,,22,608,44,,18,,,,32,
Bulls,16,111,,24,608,52,,28,,,,,
Knicks,,102,,,609,,,22,34,,50,,
Hornets,,94,,,609,,,13,,,25,,
Cavaliers,,105,28,,610,,,,,,,,
Grizzlies,,91,21,,610,45,,,,,6,,
Lakers,25,116,,13,611,51,,34,,,,,
Grizzlies,15,102,,22,611,,,,,,,,
Bulls,,97,,,612,,,,,,,,20
Cavaliers,,95,,,612,,,,,,,,
Trail Blazers,16,108,,34,613,,57,,20,,,,19
Suns,23,87,,28,613,,42,,30,,,,20
Magic,17,79,15,12,614,41,,,,,,,
Raptors,8,109,,19,614,49,,20,,,,,
Hornets,15,103,,5,615,48,41,,,,22,,
Knicks,17,102,,4,615,,34,,,6,,,
Cavaliers,,,25,,616,,,,,,,,
Magic,,,37,,616,45,,,,20,29,,25
Pacers,26,106,27,29,617,,,,,,,,
Spurs,13,110,,42,617,,,,,,,,
Rockets,13,110,,29,618,,,,,,,,
Pacers,,98,,,618,,,,,,,,
Bulls,2,88,,3,619,,,,,,,22,
Bucks,3,94,,2,619,,,,,,,,
Spurs,15,106,,52,620,,,,,,,,
Trail Blazers,37,110,,30,620,,,,,,,,
Raptors,2,106,,0,621,,,,,,,,
Wizards,,117,20,2,621,53,,,,,,26,
Rockets,9,131,,23,622,50,,,,,,39,
Suns,22,115,,9,622,,,,,,,23,
Pacers,5,104,,10,623,,51,,,,,,
Bulls,5,92,,9,623,,,,,,42,,
Bulls,,,,,624,30,,,,,,,
Hawks,3,114,,5,625,,,,,,,,
Heat,4,103,,5,625,,,,,,,,
Spurs,6,121,,29,626,52,,31,,,,,
Rockets,19,103,,16,626,50,,,,,,,
Suns,,94,,,627,,,,,,,,
Spurs,1,89,,1,627,,,20,,,,,
Trail Blazers,,,21,,628,,,,21,,,,34
Thunder,13,116,,36,629,,57,,,,,,
Rockets,24,108,,25,629,,40,,,,,,
Pelicans,,121,,,630,,,,,,40,,
Mavericks,43,118,,31,630,48,,,,,52,23,
Warriors,13,114,,54,631,52,,,,,47,,
Hawks,15,95,,53,631,,,,,,,,
Raptors,1,98,,1,632,,44,,,,,27,
Pacers,1,87,,1,632,41,33,,,,20,16,
Nuggets,,,,,633,,,,,,,28,
Rockets,18,98,,37,634,,,,,,,,
Raptors,18,76,,37,634,33,,,,,,,
Nuggets,35,110,,22,635,,,,,,,,
Kings,31,114,,24,635,,,,,,,,
Suns,,,,,636,37,,,24,,23,,
Heat,10,94,,15,637,,,,,,,,
Raptors,11,108,,17,637,51,,,,7,38,,
Spurs,12,,,18,638,,,,,,,,
Thunder,16,,,14,638,,,,,,,,
Magic,28,98,,18,639,,41,,,,,,
Warriors,6,118,,38,639,47,52,,,,45,,
Thunder,1,133,,2,640,50,,,,,,,
Warriors,,105,,,640,,,,,,,,
Rockets,,142,,,641,,,,,13,,,
Timberwolves,,,,,641,,,,,23,,,
Pistons,19,86,,3,642,35,,,,,,22,
Trail Blazers,4,98,,17,642,49,,,,,,,
Bulls,,,14,,643,,,,,16,,,
Rockets,9,102,,5,646,,,,24,,,,
Knicks,6,107,,8,646,,,,,,,,
Timberwolves,,,,,647,,,,,,,33,
Bulls,31,91,,31,648,42,,,,19,35,,
Clippers,25,101,,37,648,,,,,,,,
Bucks,39,89,,29,649,,37,,,,15,,
Raptors,21,107,,45,649,,48,,,,,,
76ers,52,94,,16,650,,,,,,,,
Pistons,44,83,,24,650,,,,,,,,
Mavericks,25,90,,28,651,45,,,,,,,
Spurs,8,116,,42,651,51,,,,,,,
Clippers,2,94,,5,652,,,,,,,,
Grizzlies,5,92,26,3,652,,,,,,,26,
Mavericks,29,122,,15,653,49,49,27,,,,,38
Lakers,32,73,,16,653,38,32,11,,,,,11
Timberwolves,45,97,,13,654,,,,,,,,
Grizzlies,16,101,,42,654,,,,,,,,
Grizzlies,26,121,,39,655,49,,,,,43,,
Pelicans,,114,,,655,,,,,17,,,
Clippers,14,113,,28,656,52,,,,7,,,
Lakers,29,97,,15,656,,,,,,,,
Jazz,,,,,657,,,,23,,,,
Lakers,41,119,,10,658,50,,23,,9,46,,
Timberwolves,36,115,,14,658,,,36,,,,,
Pacers,,,,,659,,,,,,,,25
Hawks,8,106,,12,660,,,,,,,,
Thunder,7,100,,11,660,,,,,,,,
Wizards,,123,,,661,57,,,30,,,,
Nuggets,25,99,,18,662,,,,,,,,
Celtics,26,100,,15,662,,,,,,,,
Wizards,,,,,663,52,,,,,52,,
Clippers,1,128,,,664,49,,27,43,10,42,,
Rockets,,95,,,664,,,,25,,,,
Pistons,11,92,18,12,665,,,,,,,,30
Grizzlies,10,93,,13,665,,,,,,,,
Lakers,8,97,,2,666,,,,,,,,
Pistons,5,85,,5,666,37,,,,,,,
Cavaliers,,128,,,667,60,,,,,63,,
Pistons,34,96,,33,667,37,,,,,21,,
Bucks,7,98,,8,669,,50,,30,,,,
Pistons,11,86,,3,669,,36,,19,,,,
Bulls,10,114,31,25,670,,,27,,,,,
Rockets,11,105,,23,670,,,,,,,,
Kings,10,104,,6,671,,,,,,,,
Rockets,6,117,,10,671,,,,,,,,
Pistons,9,107,,7,672,,49,,,,,,
Heat,10,84,,4,672,36,37,,,,27,,
Bulls,12,101,,22,673,,,,,,41,,
Celtics,17,92,,19,673,,,,,,,,
Knicks,,,25,,674,50,,,,,64,,
Spurs,,,,,674,36,,,,,21,,
Spurs,10,109,,55,675,,,29,,8,,,
Bulls,31,101,,32,675,,,,,21,,,
Knicks,38,105,,25,676,,47,,,15,,,
Warriors,11,112,,51,676,,35,,,8,,,
Nuggets,4,107,,5,677,,,,,,,,
Rockets,5,98,,4,677,,,,,,,,28
Lakers,41,101,36,16,678,47,,,,,33,,
Bucks,26,93,21,32,678,39,,,,,24,,
Pistons,23,114,,10,679,50,49,,,,39,,
Kings,20,95,,14,679,43,41,,,,20,,
Celtics,25,100,,42,680,,51,,,,,22,
Bulls,35,80,,31,680,38,40,,,17,28,,
Trail Blazers,7,101,,25,682,,,,,,,,
Knicks,28,79,,5,682,33,,,,,26,,
Spurs,7,102,,30,683,,,29,,7,,,
Hornets,18,85,,20,683,40,,18,14,15,,,
Pelicans,,,,,684,37,,,25,,,,
Pistons,16,115,27,19,685,,54,,,,47,,
Magic,16,89,15,19,685,,30,,,,30,,
Magic,3,102,,2,686,,,,,,,23,
Kings,4,94,16,2,686,,,,,,,29,
Hawks,10,85,,10,687,,,,,,,,
Pistons,10,121,,11,687,54,54,,,,59,,
Celtics,4,115,29,4,688,39,,,,,,,
Knicks,5,87,,3,688,,,,,25,,,
Hornets,,,,,689,,,,,,45,,
Grizzlies,4,94,,3,690,,,,,,,,
Trail Blazers,3,100,24,4,690,45,,,,,42,,
76ers,12,89,,4,691,,48,,17,19,,,
Bulls,6,105,,10,691,44,51,,33,12,,,
Timberwolves,14,112,,4,692,,,,,,30,,
Rockets,4,114,,15,692,,,,,,,,
Suns,17,119,,7,693,,,,,16,34,,
Pelicans,17,120,,8,693,,,,,11,,,
76ers,1,97,,0,694,,,,,,,,
Thunder,,103,,,694,,,,,10,,,
Nuggets,,,,,695,33,,,,,28,,
Timberwolves,15,100,20,9,696,,,,,9,,,
Nuggets,14,112,,11,696,,,,,,,,
Grizzlies,,95,,,697,37,,,,3,25,,
Warriors,2,108,,4,697,51,,,,,47,,
Pelicans,3,119,,0,698,,,,26,,,26,
Warriors,,123,,3,698,,,,,,,,
Trail Blazers,38,107,,44,699,,,,,,,,
Nuggets,49,99,,33,699,,,,,,,,
Kings,5,103,,7,700,,,,,,,,
Bulls,4,88,,8,700,,,,,,,,
Celtics,33,106,,23,701,,,,,8,,,
Hornets,33,98,,23,701,,,,,,,,
Grizzlies,6,81,,10,702,35,,,,,,,
Heat,10,90,,5,702,,,,,,,,
Bucks,40,99,,38,703,50,,,,,33,,
Cavaliers,27,104,,51,703,49,,,,,32,,
Trail Blazers,7,102,,26,704,,,,,,33,,
Raptors,8,97,,24,704,,,,,,18,,
Trail Blazers,8,107,,26,705,,,,,,,20,
Hawks,8,115,,25,705,,,,,,,,
Hornets,4,95,,4,706,,,,,,,,
Knicks,5,93,,4,706,,,,,,,,
Warriors,,115,,,707,54,,31,,20,,,
Raptors,5,110,,7,707,,,18,,,,,22
Rockets,39,100,,37,708,,,,,,,,
Bulls,37,103,,38,708,48,,,,,,,28
Heat,,107,,,709,,,,,,,,
Wizards,1,95,,0,709,,,,,,,,
Hornets,19,106,19,6,710,,,,,,,,
Suns,14,111,28,13,710,,,,,,,,
Heat,20,130,,9,711,,,,,,,,
Magic,17,136,,13,711,50,,,,,50,,
Pistons,,91,,,712,,,,,,,,
Jazz,,,,,713,,,,,16,24,20,
Kings,50,116,,27,714,53,49,,,,38,,
Timberwolves,61,111,,16,714,48,36,,,,32,,
Hawks,,99,,,715,43,39,,,,33,,
Nets,,92,,,715,46,47,,,,25,,
Nets,16,85,,13,716,36,,,,15,,,
Pacers,20,110,,11,716,,,,,,,,
Rockets,,140,,,717,56,,,,,,,
Heat,30,125,,21,718,59,,,,,55,32,
76ers,,102,,,718,,,,,,,17,
Hawks,21,113,,30,719,,48,,,,,,
Magic,33,86,,20,719,35,33,,,,26,,
Trail Blazers,27,103,,24,720,,40,,,14,,25,
Raptors,16,110,,34,720,,45,,,14,,37,
Hawks,25,90,,32,722,38,,14,,,,,
Heat,,108,,,722,40,,30,,,,,
Nuggets,,,,,723,54,,,,,,,
Timberwolves,49,121,22,25,724,51,,22,,,,,
Suns,54,116,32,20,724,,,22,,,,,
Trail Blazers,,112,,,725,,,,,,,43,
Pelicans,2,94,,0,725,,,,24,,,18,
Warriors,4,,,,726,,,,,,,,
Warriors,6,119,,31,727,,,,,,,,
Grizzlies,16,128,,23,727,,,,,,,27,
